symbol,date,open,high,low,close,volume
NFLX,2024-07-01,67.489,67.502,66.378,67.361,22128260
NFLX,2024-07-02,67.354,68.174,67.007,67.958,24114260
NFLX,2024-07-03,67.748,68.375,67.55,68.251,14035450
NFLX,2024-07-05,68.251,69.749,67.723,69.065,26590650
NFLX,2024-07-08,68.7,68.886,68.1485,68.574,19307860
NFLX,2024-07-09,69.0,69.527,68.472,68.574,25994740
NFLX,2024-07-10,68.502,68.722,67.316,67.765,26519280
NFLX,2024-07-11,67.2485,67.2485,64.744,65.275,51119280
NFLX,2024-07-12,65.275,65.592,64.3708,64.76,33551970
NFLX,2024-07-15,64.75,66.754,64.663,65.645,32087630
NFLX,2024-07-16,66.18,66.3675,64.913,65.632,26857060
NFLX,2024-07-17,65.0,65.045,63.947,64.746,40172770
NFLX,2024-07-18,65.66,65.704,63.9165,64.304,75757630
NFLX,2024-07-19,66.064,67.897,62.912,63.334,98156310
NFLX,2024-07-22,63.95,65.629,63.26,64.75,52190770
NFLX,2024-07-23,64.75,64.991,64.1,64.276,24635790
NFLX,2024-07-24,63.574,65.242,63.2674,63.599,48881630
NFLX,2024-07-25,64.1,64.998,62.17,63.409,45545390
NFLX,2024-07-26,64.5,64.699,62.977,63.137,31206590
NFLX,2024-07-29,63.461,63.461,62.393,62.696,24005370
NFLX,2024-07-30,63.017,63.469,61.7,62.258,34966090
NFLX,2024-07-31,62.657,63.36,62.258,62.835,31348770
NFLX,2024-08-01,62.925,64.671,61.761,62.485,37205730
NFLX,2024-08-02,62.098,62.527,60.835,61.364,35230030
NFLX,2024-08-05,58.704,60.4563,58.704,59.855,40442350
NFLX,2024-08-06,60.062,62.245,60.062,60.957,43190570
NFLX,2024-08-07,61.6065,63.2,61.064,61.148,31877910
NFLX,2024-08-08,62.199,63.229,61.602,63.035,32835420
NFLX,2024-08-09,62.299,63.662,62.299,63.394,19808360
NFLX,2024-08-12,63.1,63.9,62.707,63.314,23317120
NFLX,2024-08-13,63.856,65.097,63.55,64.802,26395710
NFLX,2024-08-14,64.87,66.357,64.87,66.168,40143440
NFLX,2024-08-15,66.849,67.319,65.98,66.322,32101730
NFLX,2024-08-16,66.943,68.023,66.536,67.407,35110140
NFLX,2024-08-19,67.407,68.884,67.291,68.853,30162270
NFLX,2024-08-20,68.886,71.133,68.8245,69.854,48131180
NFLX,2024-08-21,69.7,70.1,69.138,69.712,22353430
NFLX,2024-08-22,69.1,70.15,68.624,68.896,27293890
NFLX,2024-08-23,69.413,69.607,67.863,68.673,23544500
NFLX,2024-08-26,68.726,69.059,68.1638,68.844,13541540
NFLX,2024-08-27,68.853,70.789,68.692,69.572,31648780
NFLX,2024-08-28,69.583,69.667,67.71,68.384,24305830
NFLX,2024-08-29,69.0,69.98,68.607,69.248,21869740
NFLX,2024-08-30,70.036,70.186,68.816,70.135,32667230
NFLX,2024-09-03,70.01,70.386,67.101,67.532,31609640
NFLX,2024-09-04,67.331,68.465,67.306,67.968,17853370
NFLX,2024-09-05,67.314,68.731,67.186,68.362,18100720
NFLX,2024-09-06,68.186,68.3152,66.234,66.577,29912650
NFLX,2024-09-09,67.4,68.35,67.214,67.542,26831110
NFLX,2024-09-10,67.687,68.059,66.5805,67.362,20791820
NFLX,2024-09-11,67.746,68.297,66.08,68.147,23919240
NFLX,2024-09-12,68.492,69.488,68.22,68.68,25884370
NFLX,2024-09-13,68.001,69.964,68.0,69.706,22764820
NFLX,2024-09-16,70.0,70.302,68.8632,69.65,18437450
NFLX,2024-09-17,70.082,70.763,69.837,70.691,22986300
NFLX,2024-09-18,70.755,70.755,68.8,69.047,29844110
NFLX,2024-09-19,70.5,71.566,69.537,70.432,42284800
NFLX,2024-09-20,70.555,70.6673,69.631,70.103,39980620
NFLX,2024-09-23,70.239,71.225,69.916,70.537,32243440
NFLX,2024-09-24,70.6625,72.244,70.445,72.226,35657310
NFLX,2024-09-25,72.1,72.512,71.621,72.156,22597750
NFLX,2024-09-26,72.473,72.526,70.172,71.143,28329620
NFLX,2024-09-27,70.836,71.071,70.1251,70.735,23956130
NFLX,2024-09-30,70.7,71.121,70.2819,70.927,17115080
NFLX,2024-10-01,71.364,71.776,69.859,70.613,28134820
NFLX,2024-10-02,70.613,71.621,70.4688,71.109,17581670
NFLX,2024-10-03,70.426,70.881,70.0,70.68,22564490
NFLX,2024-10-04,71.332,72.101,70.882,71.97,22301390
NFLX,2024-10-07,71.4755,71.588,69.643,70.192,33605200
NFLX,2024-10-08,70.388,72.506,70.3546,72.176,31874020
NFLX,2024-10-09,71.925,72.859,71.887,72.743,19810700
NFLX,2024-10-10,72.329,73.385,72.25,73.029,27678620
NFLX,2024-10-11,73.49,73.6,72.122,72.279,22995250
NFLX,2024-10-14,72.5,72.662,71.1311,71.3,27970710
NFLX,2024-10-15,71.251,71.34,69.9781,70.598,29327520
NFLX,2024-10-16,70.343,70.559,69.782,70.2,24942760
NFLX,2024-10-17,70.435,70.4412,67.788,68.765,89266720
NFLX,2024-10-18,73.764,76.6281,73.623,76.389,159741200
NFLX,2024-10-21,76.576,77.3,75.66,77.207,60570930
NFLX,2024-10-22,76.527,76.97,76.112,76.424,29872520
NFLX,2024-10-23,76.283,76.379,74.426,74.929,37490070
NFLX,2024-10-24,75.197,75.582,74.625,75.455,26429620
NFLX,2024-10-25,75.617,76.85,75.353,75.468,28194730
NFLX,2024-10-28,75.868,75.868,74.788,74.912,28624050
NFLX,2024-10-29,75.113,76.388,74.801,75.944,36604330
NFLX,2024-10-30,75.808,75.979,75.2278,75.374,17220020
NFLX,2024-10-31,75.393,76.079,75.223,75.603,30577090
NFLX,2024-11-01,75.348,76.38,74.777,75.61,29968290
NFLX,2024-11-04,75.314,76.248,74.969,75.551,19021940
NFLX,2024-11-05,75.735,76.753,75.627,76.391,22006450
NFLX,2024-11-06,77.15,78.149,75.738,78.021,36908170
NFLX,2024-11-07,78.137,79.822,77.994,79.654,32950740
NFLX,2024-11-08,79.736,79.906,78.865,79.504,19106260
NFLX,2024-11-11,79.59,80.6823,79.5565,80.544,23991500
NFLX,2024-11-12,80.75,82.037,80.375,81.95,28140640
NFLX,2024-11-13,82.2615,83.699,82.0537,83.047,27677720
NFLX,2024-11-14,83.367,84.1,83.002,83.726,30382310
NFLX,2024-11-15,83.204,83.204,81.649,82.396,36737200
NFLX,2024-11-18,81.55,84.845,80.933,84.705,40840810
NFLX,2024-11-19,83.975,87.449,83.916,87.132,38142270
NFLX,2024-11-20,87.998,89.06,86.84,88.385,40938430
NFLX,2024-11-21,88.393,90.8,87.724,89.748,45112630
NFLX,2024-11-22,89.6,90.6,89.3,89.779,32140200
NFLX,2024-11-25,90.205,90.205,86.422,86.559,60142030
NFLX,2024-11-26,86.749,88.636,86.725,87.26,31382590
NFLX,2024-11-27,87.206,88.095,85.891,87.734,25782220
NFLX,2024-11-29,88.217,89.241,87.668,88.681,20272370
NFLX,2024-12-02,88.751,90.234,88.412,89.774,23889660
NFLX,2024-12-03,89.436,90.269,88.8025,90.217,24016340
NFLX,2024-12-04,89.805,91.597,89.805,91.106,26896290
NFLX,2024-12-05,91.785,92.7,91.1107,91.787,28353070
NFLX,2024-12-06,91.523,93.527,91.271,93.474,29553830
NFLX,2024-12-09,92.8,93.03,90.259,91.369,33500820
NFLX,2024-12-10,91.376,92.288,90.958,91.335,23885750
NFLX,2024-12-11,92.471,94.175,92.308,93.656,35016910
NFLX,2024-12-12,93.335,93.4089,92.26,92.555,24861970
NFLX,2024-12-13,91.681,92.555,90.961,91.887,24858290
NFLX,2024-12-16,92.394,92.894,91.95,92.108,26748920
NFLX,2024-12-17,92.154,92.845,91.642,91.913,24594560
NFLX,2024-12-18,91.913,92.244,88.656,88.955,29381940
NFLX,2024-12-19,90.818,91.2622,89.9,90.204,28155120
NFLX,2024-12-20,89.321,91.9924,89.0487,90.905,45305190
NFLX,2024-12-23,91.342,91.5,89.91,91.145,23393750
NFLX,2024-12-24,91.5,93.585,91.17,93.212,23202930
NFLX,2024-12-26,92.84,93.049,91.53,92.414,23424180
NFLX,2024-12-27,91.601,91.813,89.45,90.755,32261580
NFLX,2024-12-30,89.451,90.823,88.971,90.043,22029700
NFLX,2024-12-31,90.18,90.268,88.947,89.132,18758970
NFLX,2025-01-02,89.55,89.858,87.7,88.673,23156850
NFLX,2025-01-03,89.313,89.883,87.989,88.105,29700190
NFLX,2025-01-06,88.876,89.283,87.169,88.179,34576560
NFLX,2025-01-07,87.938,88.8,86.911,87.919,26498230
NFLX,2025-01-08,88.0,88.6215,87.3,87.5,23479490
NFLX,2025-01-10,86.64,86.641,83.44,83.769,48033120
NFLX,2025-01-13,83.1525,84.707,82.914,84.029,30245170
NFLX,2025-01-14,84.32,84.4893,82.3519,82.84,30376500
NFLX,2025-01-15,83.644,85.084,83.041,84.826,31813830
NFLX,2025-01-16,86.096,86.898,84.202,84.237,40285370
NFLX,2025-01-17,85.979,86.5,85.213,85.81,36175650
NFLX,2025-01-21,86.353,91.64,85.4745,86.968,98513510
NFLX,2025-01-22,99.8025,99.9,95.076,95.399,142732100
NFLX,2025-01-23,95.781,98.5,95.39,98.486,77521370
NFLX,2025-01-24,98.441,98.628,96.768,97.759,45503970
NFLX,2025-01-27,97.11,98.227,96.026,97.189,46342040
NFLX,2025-01-28,96.671,97.7934,95.73,97.183,34339720
NFLX,2025-01-29,98.0,98.764,96.8235,97.815,29307280
NFLX,2025-01-30,98.675,99.459,97.001,97.324,38678250
NFLX,2025-01-31,97.4,99.0289,97.4,97.676,36187180
NFLX,2025-02-03,97.3,98.7689,96.4375,97.894,37241970
NFLX,2025-02-04,98.047,100.8,97.851,99.487,60001370
NFLX,2025-02-05,98.773,101.1825,98.668,101.111,39977330
NFLX,2025-02-06,100.787,101.635,100.261,101.568,31342930
NFLX,2025-02-07,101.7,102.776,100.567,101.393,32128530
NFLX,2025-02-10,102.305,103.285,101.588,102.76,32965660
NFLX,2025-02-11,102.079,102.269,100.295,100.808,33317970
NFLX,2025-02-12,100.549,102.774,99.8347,102.731,33889660
NFLX,2025-02-13,102.6625,104.599,102.51,104.369,34760680
NFLX,2025-02-14,104.495,106.45,104.169,105.86,31454300
NFLX,2025-02-18,106.0,106.2,102.3749,103.585,42293390
NFLX,2025-02-19,103.518,104.5,102.451,104.333,26000480
NFLX,2025-02-20,104.2,104.5,101.5594,102.454,31118310
NFLX,2025-02-21,102.942,103.238,99.939,100.315,37387100
NFLX,2025-02-24,100.8,101.517,98.448,98.847,44262270
NFLX,2025-02-25,98.94,99.44,95.5,97.724,47383040
NFLX,2025-02-26,97.76,100.089,97.69,99.006,33972050
NFLX,2025-02-27,99.5,100.0726,96.1825,96.307,37665660
NFLX,2025-02-28,96.956,98.227,95.817,98.056,47174090
NFLX,2025-03-03,98.3,99.493,96.481,97.37,39074470
NFLX,2025-03-04,97.161,98.6313,94.821,97.258,43928140
NFLX,2025-03-05,97.362,99.56,96.948,99.092,38079350
NFLX,2025-03-06,97.299,97.369,89.9,90.636,78525590
NFLX,2025-03-07,89.764,90.4886,85.807,89.111,77374880
NFLX,2025-03-10,87.507,88.127,85.45,86.668,69953090
NFLX,2025-03-11,86.741,91.068,86.6,89.51,73989340
NFLX,2025-03-12,91.46,92.718,90.1,91.968,68658370
NFLX,2025-03-13,91.3,92.1889,88.751,89.017,50016980
NFLX,2025-03-14,90.146,91.9625,90.1,91.8,52006840
NFLX,2025-03-17,93.995,96.763,93.442,95.002,75431460
NFLX,2025-03-18,94.0,94.825,91.63,92.998,60094000
NFLX,2025-03-19,93.577,96.8,92.4,95.949,66623610
NFLX,2025-03-20,95.001,96.7,94.55,95.084,44663050
NFLX,2025-03-21,94.1635,96.3653,94.095,96.029,59054290
NFLX,2025-03-24,96.967,97.7,95.155,97.199,46778710
NFLX,2025-03-25,97.818,99.87,97.711,99.728,37822450
NFLX,2025-03-26,99.381,99.679,96.632,97.065,35347070
NFLX,2025-03-27,97.422,98.9,96.6366,97.672,30472370
NFLX,2025-03-28,97.2,97.498,92.923,93.385,44227170
NFLX,2025-03-31,92.053,93.448,90.059,93.253,46340750
NFLX,2025-04-01,92.75,93.229,91.15,92.838,35199560
NFLX,2025-04-02,92.3,94.9548,91.611,93.552,32568860
NFLX,2025-04-03,90.18,94.6592,90.047,91.705,58646220
NFLX,2025-04-04,89.65,90.6628,85.387,85.586,67988060
NFLX,2025-04-07,82.7845,90.674,82.11,86.783,66568230
NFLX,2025-04-08,91.244,92.242,85.77,87.04,56253820
NFLX,2025-04-09,85.593,95.143,85.44,94.547,74979740
NFLX,2025-04-10,93.194,94.1235,89.4,92.117,51297550
NFLX,2025-04-11,92.0,94.486,90.668,91.829,40736380
NFLX,2025-04-14,93.27,94.898,91.9498,93.128,40358950
NFLX,2025-04-15,95.0,99.345,94.8,97.628,77119820
NFLX,2025-04-16,97.628,98.121,94.9165,96.163,60661130
NFLX,2025-04-17,96.9,98.4702,95.6,97.303,88937350
NFLX,2025-04-21,98.44,101.9,97.305,98.791,97757470
NFLX,2025-04-22,100.53,106.497,100.452,104.034,93688730
NFLX,2025-04-23,104.7225,106.125,103.2,104.959,64718760
NFLX,2025-04-24,104.8,110.1,104.702,109.687,63818960
NFLX,2025-04-25,109.704,110.6798,109.1,110.153,39500080
NFLX,2025-04-28,110.0,111.4,108.262,111.038,38310880
NFLX,2025-04-29,110.392,112.781,109.548,112.564,37773290
NFLX,2025-04-30,111.265,113.32,110.111,113.172,42666760
NFLX,2025-05-01,112.252,114.242,111.183,113.347,34994970
NFLX,2025-05-02,113.666,115.944,113.332,115.649,37742820
NFLX,2025-05-05,111.4795,114.402,110.701,113.406,56623170
NFLX,2025-05-06,112.943,114.766,112.64,113.769,32566820
NFLX,2025-05-07,113.9175,116.4,113.8,115.541,43523940
NFLX,2025-05-08,116.162,116.2294,113.92,114.443,37608720
NFLX,2025-05-09,114.71,115.1,113.322,114.022,25696330
NFLX,2025-05-12,112.426,113.0,110.293,111.0,64790790
NFLX,2025-05-13,111.446,114.788,110.63,113.844,39978690
NFLX,2025-05-14,112.9595,115.29,112.84,115.099,39101470
NFLX,2025-05-15,114.774,118.7802,114.7647,117.798,44640410
NFLX,2025-05-16,119.314,119.65,117.939,119.153,46983530
NFLX,2025-05-19,117.3575,119.164,117.171,119.164,28534150
NFLX,2025-05-20,118.679,119.3,117.902,119.202,21330660
NFLX,2025-05-21,118.65,121.122,118.65,119.463,29766100
NFLX,2025-05-22,119.24,119.875,118.7208,118.797,18615880
NFLX,2025-05-23,118.4,119.145,117.944,118.539,21864830
NFLX,2025-05-27,119.533,121.177,119.309,121.157,29204690
NFLX,2025-05-28,121.027,121.591,120.602,120.855,18558500
NFLX,2025-05-29,120.8,120.9,117.628,118.486,33030790
NFLX,2025-05-30,119.833,121.181,118.0925,120.723,46967560
NFLX,2025-06-02,120.12,121.94,119.625,121.898,22942160
NFLX,2025-06-03,121.987,122.957,121.118,121.794,23637620
NFLX,2025-06-04,122.0735,124.256,121.988,123.966,23593810
NFLX,2025-06-05,124.06,126.281,123.729,125.052,28217970
NFLX,2025-06-06,125.941,126.0,123.555,124.1475,25569560
NFLX,2025-06-09,123.888,123.888,122.157,122.446,24031170
NFLX,2025-06-10,122.752,122.752,118.061,120.362,44544470
NFLX,2025-06-11,120.26,122.829,119.601,121.988,23822800
NFLX,2025-06-12,122.259,123.0,121.1965,121.503,20846020
NFLX,2025-06-13,120.659,122.062,120.189,121.215,22102530
NFLX,2025-06-16,121.22,122.625,121.22,122.535,21127970
NFLX,2025-06-17,121.995,123.2357,121.609,122.067,18921260
NFLX,2025-06-18,122.999,124.2,122.05,122.229,22810470
NFLX,2025-06-20,123.445,124.85,122.4349,123.141,53481930
NFLX,2025-06-23,123.8025,125.484,121.501,125.354,26673180
NFLX,2025-06-24,126.0545,128.2571,125.5,127.911,26633070
NFLX,2025-06-25,128.684,129.8,127.381,127.525,21465100
NFLX,2025-06-26,128.0,130.734,128.0,130.667,26058700
NFLX,2025-06-27,130.688,133.1345,130.1,132.312,40708570
NFLX,2025-06-30,133.1,134.115,132.121,133.913,32829080
NFLX,2025-07-01,133.823,133.8774,128.222,129.36,49935670
NFLX,2025-07-02,129.696,129.995,127.159,128.486,30488010
NFLX,2025-07-03,129.2,130.226,127.976,129.718,20062240
NFLX,2025-07-07,129.5,129.5,127.602,128.962,22737370
NFLX,2025-07-08,129.09,129.325,126.0,127.531,32925250
NFLX,2025-07-09,127.399,128.829,126.624,128.828,23844770
NFLX,2025-07-10,128.55,128.96,124.601,125.059,42364940
NFLX,2025-07-11,125.9786,126.1,123.13,124.511,39571500
NFLX,2025-07-14,124.491,127.049,124.0,126.195,27810480
NFLX,2025-07-15,126.2,127.122,124.3245,126.027,28017310
NFLX,2025-07-16,126.171,127.1,124.982,125.031,32270220
NFLX,2025-07-17,125.3,127.75,124.48,127.417,64698770
NFLX,2025-07-18,124.196,124.65,120.101,120.924,106933100
NFLX,2025-07-21,120.6,123.71,119.8,123.327,56275910
NFLX,2025-07-22,123.038,123.237,118.75,119.008,50629700
NFLX,2025-07-23,118.981,119.2619,117.36,117.678,45042640
NFLX,2025-07-24,117.78,118.35,116.266,118.076,38455700
NFLX,2025-07-25,117.8415,118.732,117.4383,118.049,26292600
NFLX,2025-07-28,118.12,119.779,116.853,117.46,34469580
NFLX,2025-07-29,117.9,117.96,116.329,116.874,27524890
NFLX,2025-07-30,116.855,118.485,116.61,118.42,29227310
NFLX,2025-07-31,118.48,119.0,115.774,115.94,37129490
NFLX,2025-08-01,116.301,117.8505,115.285,115.86,38909500
NFLX,2025-08-04,116.765,117.7,116.2615,117.099,22447020
NFLX,2025-08-05,117.1,117.171,114.471,114.787,26607350
NFLX,2025-08-06,115.352,118.1375,115.187,117.848,33621610
NFLX,2025-08-07,118.176,119.122,116.82,118.037,26283210
NFLX,2025-08-08,118.319,121.411,118.037,121.164,38166890
NFLX,2025-08-11,121.401,122.307,120.193,121.831,24556480
NFLX,2025-08-12,122.5,123.199,120.6505,122.528,22826270
NFLX,2025-08-13,123.4,123.712,120.3,120.444,27623550
NFLX,2025-08-14,120.989,124.409,120.703,123.056,39046680
NFLX,2025-08-15,123.404,124.6941,122.788,123.895,27678040
NFLX,2025-08-18,123.563,125.116,123.545,124.509,21110870
NFLX,2025-08-19,124.02,124.1,119.279,121.415,37077310
NFLX,2025-08-20,121.8,122.3,119.331,121.386,24343980
NFLX,2025-08-21,121.143,122.14,119.7635,120.621,20471780
NFLX,2025-08-22,120.888,121.362,119.823,120.465,31281330
NFLX,2025-08-25,120.165,123.38,119.9,121.807,28120360
NFLX,2025-08-26,122.021,123.15,121.22,122.609,19857140
NFLX,2025-08-27,122.361,122.921,121.3,122.35,16645260
NFLX,2025-08-28,122.279,123.7891,121.4268,123.145,19503360
NFLX,2025-08-29,122.797,122.879,120.115,120.825,32098170
NFLX,2025-09-02,119.7,121.54,118.28,121.411,23032690
NFLX,2025-09-03,120.514,122.7,120.338,122.618,24714950
NFLX,2025-09-04,122.32,125.748,122.309,125.748,30235060
NFLX,2025-09-05,126.0,126.71,123.902,124.382,23796730
NFLX,2025-09-08,124.854,125.2041,123.2,124.476,19150530
NFLX,2025-09-09,124.667,126.5721,124.667,126.325,22196550
NFLX,2025-09-10,126.3975,126.7,124.6355,124.771,27010150
NFLX,2025-09-11,125.1,125.3445,119.2,120.35,56822860
NFLX,2025-09-12,120.3055,121.178,118.24,118.844,37849440
NFLX,2025-09-15,118.84,120.724,117.3208,120.226,29092770
NFLX,2025-09-16,120.564,120.9,119.728,120.051,24046860
NFLX,2025-09-17,122.102,123.393,120.6605,122.85,34597960
NFLX,2025-09-18,122.082,123.3,120.55,120.778,31691050
NFLX,2025-09-19,121.862,122.995,120.81,122.697,49475900
NFLX,2025-09-22,122.19,122.976,121.4243,122.737,25468140
NFLX,2025-09-23,122.733,122.779,120.847,121.847,24991460
NFLX,2025-09-24,121.861,122.15,119.42,120.395,27731270
NFLX,2025-09-25,120.309,121.684,119.151,120.824,19977830
NFLX,2025-09-26,120.542,121.4,120.0,121.061,19449570
NFLX,2025-09-29,120.5,122.449,118.754,120.641,30331740
NFLX,2025-09-30,120.641,120.85,117.8,119.892,38303040
NFLX,2025-10-01,117.549,117.914,116.321,117.09,41102210
NFLX,2025-10-02,116.15,116.333,113.4,116.253,46854670
NFLX,2025-10-03,116.5,116.8,114.322,115.332,31373650
NFLX,2025-10-06,116.037,116.358,114.545,116.331,29685960
NFLX,2025-10-07,117.779,120.1365,117.746,119.106,33090940
NFLX,2025-10-08,119.711,121.739,119.2,121.425,28513530
NFLX,2025-10-09,121.425,123.75,121.182,123.107,28240770
NFLX,2025-10-10,122.9,124.7,121.91,122.008,42797760
NFLX,2025-10-13,122.135,123.112,120.681,121.903,24607830
NFLX,2025-10-14,121.475,122.429,120.31,121.535,23624460
NFLX,2025-10-15,121.301,121.962,120.161,120.329,20251940
NFLX,2025-10-16,121.215,121.671,117.6,118.359,28326190
NFLX,2025-10-17,118.36,120.312,117.895,119.936,29571010
NFLX,2025-10-20,120.7875,124.776,120.69,123.856,39862350
NFLX,2025-10-21,124.283,124.86,123.176,124.135,65082340
NFLX,2025-10-22,114.29,115.76,111.251,111.637,147890300
NFLX,2025-10-23,112.69,112.7829,109.973,111.359,68497220
NFLX,2025-10-24,111.1,111.451,109.441,109.469,60280250
NFLX,2025-10-27,110.067,110.228,108.73,109.456,46911140
NFLX,2025-10-28,109.4,111.698,109.3008,110.25,40209010
NFLX,2025-10-29,109.984,110.855,109.6,110.041,33994870
NFLX,2025-10-30,109.44,110.616,108.811,108.9,41580990
NFLX,2025-10-31,110.539,113.488,110.198,111.886,68665000
NFLX,2025-11-03,113.324,113.35,107.515,110.009,58634390
NFLX,2025-11-04,109.999,110.46,108.668,109.296,38717800
NFLX,2025-11-05,108.5,110.085,107.337,109.846,35539170
NFLX,2025-11-06,109.458,110.37,108.513,109.702,36531700
NFLX,2025-11-07,109.4175,110.822,108.75,110.366,44125340
NFLX,2025-11-10,110.6715,112.82,110.405,112.007,36929000
NFLX,2025-11-11,111.76,113.922,111.28,113.644,27965940
NFLX,2025-11-12,113.817,116.434,112.826,115.75,39220570
NFLX,2025-11-13,115.85,116.733,114.569,115.423,40143590
NFLX,2025-11-14,114.273,114.273,110.721,111.217,47607130
NFLX,2025-11-17,110.75,111.85,109.55,110.29,26082730
NFLX,2025-11-18,110.29,115.25,109.2,114.09,43440570
NFLX,2025-11-19,113.0,113.34,108.61,110.0,31868090
NFLX,2025-11-20,111.0,111.1,105.39,105.67,36918550
NFLX,2025-11-21,105.13,106.53,103.81,104.31,41232690
NFLX,2025-11-24,104.25,108.04,103.32,106.97,62918290
NFLX,2025-11-25,106.12,106.3,103.82,104.4,35122560
NFLX,2025-11-26,105.74,106.95,105.22,106.14,27951010
NFLX,2025-11-28,106.435,107.94,106.24,107.58,15021610
NFLX,2025-12-01,106.51,109.335,106.31,109.13,24873390
NFLX,2025-12-02,109.205,109.73,107.52,109.35,25762980
NFLX,2025-12-03,106.59,106.87,102.03,103.96,53593400
NFLX,2025-12-04,103.57,103.8,101.77,103.22,51779140
NFLX,2025-12-05,98.775,104.79,97.74,100.24,133363600
NFLX,2025-12-08,99.87,99.89,95.3,96.79,100906300
NFLX,2025-12-09,97.03,97.24,95.45,96.71,51745580
NFLX,2025-12-10,96.735,96.97,92.35,92.71,74129270
NFLX,2025-12-11,93.895,94.82,92.76,94.09,43949010
NFLX,2025-12-12,95.5,96.92,94.65,95.19,49323120
NFLX,2025-12-15,96.015,96.37,93.53,93.77,40016460
NFLX,2025-12-16,93.88,94.93,93.32,94.57,34264990
NFLX,2025-12-17,95.98,97.33,94.46,94.79,50472780
NFLX,2025-12-18,95.02,95.81,93.59,94.0,37244730
NFLX,2025-12-19,93.57,95.54,93.45,94.39,78990150
NFLX,2025-12-22,94.71,94.71,92.91,93.23,39484770
NFLX,2025-12-23,93.395,93.81,91.33,93.5,25896230
NFLX,2025-12-24,93.11,93.68,92.665,93.64,12427900
NFLX,2025-12-26,93.48,94.685,93.27,94.47,22068280
NFLX,2025-12-29,93.99,94.97,93.625,94.15,24493740
NFLX,2025-12-30,93.52,93.9899,93.34,93.78,23422030
NFLX,2025-12-31,93.6,94.305,93.2,93.76,23495190
NFLX,2026-01-02,94.13,94.13,90.8104,90.99,41155400
NFLX,2026-01-05,90.92,92.63,90.84,91.46,39183320
NFLX,2026-01-06,91.54,91.64,89.74,90.65,43330970
NFLX,2026-01-07,91.555,92.419,90.06,90.73,36525740
NFLX,2026-01-08,90.45,91.25,89.58,90.53,40068670
NFLX,2026-01-09,90.03,90.05,88.32,89.46,55579520
NFLX,2026-01-12,89.69,90.335,89.33,89.41,36290610
NFLX,2026-01-13,89.44,91.15,89.07,90.32,45221100
NFLX,2026-01-14,91.24,91.58,87.95,88.55,49737700
NFLX,2026-01-15,89.02,89.89,87.82,88.05,36945060
NFLX,2026-01-16,88.335,88.51,87.78,88.0,48130500
NFLX,2026-01-20,88.97,89.9,87.02,87.26,109729700
NFLX,2026-01-21,82.515,86.0,81.93,85.36,127940700
NFLX,2026-01-22,85.02,85.1,82.98,83.54,69113300
NFLX,2026-01-23,83.43,86.3,83.28,86.12,64520380
NFLX,2026-01-26,86.92,86.94,85.35,85.7,40941880
NFLX,2026-01-27,85.275,85.6,83.88,85.58,37790830
NFLX,2026-01-28,85.625,86.47,84.295,84.64,37762610
NFLX,2026-01-29,84.31,84.38,82.3501,83.16,42278100
NFLX,2026-01-30,83.1,84.055,82.78,83.49,45755030
NFLX,2026-02-02,83.53,85.27,82.72,82.76,41445250
NFLX,2026-02-03,82.23,82.45,79.62,79.94,49789040
NFLX,2026-02-04,79.99,81.435,79.225,80.16,48963240
NFLX,2026-02-05,81.49,83.3,80.535,80.87,54805690
NFLX,2026-02-06,81.02,82.485,80.65,82.2,46154060
NFLX,2026-02-09,82.18,82.205,79.87,81.47,42200210
NFLX,2026-02-10,82.715,84.66,82.09,82.21,43595790
NFLX,2026-02-11,81.96,82.48,79.45,79.62,40840270
NFLX,2026-02-12,79.11,79.15,75.23,75.86,73516070
NFLX,2026-02-13,76.14,77.18,75.53,76.87,42292080
NFLX,2026-02-17,76.92,77.87,75.3,77.0,35961510
NFLX,2026-02-18,77.32,78.32,76.28,77.99,29883110
NFLX,2026-02-19,77.75,78.7,76.59,77.0,30139200
NFLX,2026-02-20,76.61,78.85,76.4,78.67,32411320
NFLX,2026-02-23,77.79,77.83,75.01,76.02,38363020
NFLX,2026-02-24,75.73,78.12,75.21,78.04,33079060
NFLX,2026-02-25,79.43,83.117,79.25,82.7,69319330
NFLX,2026-02-26,83.2,86.5,82.8,84.59,85642490
NFLX,2026-02-27,94.295,96.75,90.58,96.24,200767000
NFLX,2026-03-02,95.26,98.07,95.2,97.09,79915360
NFLX,2026-03-03,96.01,98.46,95.33,97.7,59149000
NFLX,2026-03-04,97.105,99.75,96.99,98.66,52604270
NFLX,2026-03-05,98.5,100.19,98.1,99.17,53403050
NFLX,2026-03-06,99.33,99.88,97.4,99.02,41196290
NFLX,2026-03-09,97.7,98.94,96.58,98.32,48589010
NFLX,2026-03-10,97.805,98.49,96.29,96.94,41027160
NFLX,2026-03-11,97.41,98.0,94.685,94.89,33962860
NFLX,2026-03-12,94.86,95.4,93.87,94.31,34206860
NFLX,2026-03-13,94.64,95.68,94.24,95.31,29876660
NFLX,2026-03-16,95.58,96.1,94.36,95.2,34931830
NFLX,2026-03-17,95.3,96.34,94.01,94.36,26434500
NFLX,2026-03-18,94.445,95.335,93.61,94.7,27878320
NFLX,2026-03-19,94.31,95.75,90.775,91.74,40169250
NFLX,2026-03-20,91.31,91.88,90.69,91.82,61678010
NFLX,2026-03-23,92.04,93.98,91.86,93.38,34315870
NFLX,2026-03-24,92.79,93.7398,90.815,90.92,28938030
NFLX,2026-03-25,91.71,92.52,91.235,92.28,29545630
NFLX,2026-03-26,91.52,95.86,91.01,93.32,59522030
NFLX,2026-03-27,94.57,95.5799,92.74,93.43,44590670
NFLX,2026-03-30,92.75,94.49,92.22,92.97,32375140
NFLX,2026-03-31,93.03,96.26,93.03,96.15,54269960
NFLX,2026-04-01,96.47,97.2,94.264,95.55,30439310
NFLX,2026-04-02,95.27,98.71,95.17,98.66,37068020
NFLX,2026-04-06,100.96,102.685,97.97,98.93,37029330
NFLX,2026-04-07,98.55,99.875,98.25,98.82,25016720
NFLX,2026-04-08,100.32,100.4,97.44,99.39,30957620
NFLX,2026-04-09,99.63,102.34,99.08,102.05,35087760
NFLX,2026-04-10,102.47,103.08,101.46,103.01,25769910
NFLX,2026-04-13,103.032,103.665,102.06,103.16,26042800
NFLX,2026-04-14,103.12,106.57,103.04,106.28,40534870
NFLX,2026-04-15,105.98,107.85,105.04,107.71,38023680
NFLX,2026-04-16,107.47,108.945,106.6201,107.79,64928250
NFLX,2026-04-17,96.37,98.74,95.1,97.31,125958700
NFLX,2026-04-20,97.14,97.6,93.54,94.83,63298260
NFLX,2026-04-21,94.0,94.65,92.37,92.58,61962280
NFLX,2026-04-22,93.06,93.85,92.77,93.24,33694350
NFLX,2026-04-23,94.06,94.64,92.073,92.82,36851670
NFLX,2026-04-24,92.57,93.28,91.8,92.44,32553180
NFLX,2026-04-27,92.05,92.84,91.3,91.37,29707440
NFLX,2026-04-28,91.5,92.34,90.02,92.27,33418130
NFLX,2026-04-29,91.23,92.855,90.86,92.12,26122090
NFLX,2026-04-30,91.35,94.22,90.77,93.61,40923010
NFLX,2026-05-01,94.42,94.7,91.9,92.06,30406880
NFLX,2026-05-04,92.1,92.33,90.89,91.02,25928820
NFLX,2026-05-05,91.18,91.28,87.565,87.89,51961340
NFLX,2026-05-06,87.15,88.55,86.715,88.27,41932440
NFLX,2026-05-07,88.2,89.3991,88.13,88.25,30627600
NFLX,2026-05-08,87.71,88.04,87.21,87.49,36215110
NFLX,2026-05-11,86.525,87.34,85.1,85.45,40556460
NFLX,2026-05-12,85.905,89.17,85.81,87.66,43556600
NFLX,2026-05-13,86.565,88.62,86.28,87.56,30823500
NFLX,2026-05-14,87.62,88.5,86.65,86.94,29408300
NFLX,2026-05-15,87.69,89.49,86.685,87.02,32335660
NFLX,2026-05-18,86.495,89.815,86.33,89.65,35800480
NFLX,2026-05-19,90.14,91.48,88.69,89.33,34545730
NFLX,2026-05-20,88.515,88.55,87.5,88.09,23463360
NFLX,2026-05-21,88.03,90.3699,87.5201,89.3,28613850
NFLX,2026-05-22,89.1,89.9699,88.17,88.6,23847200
NFLX,2026-05-26,88.4,88.73,87.25,87.68,24014540
NFLX,2026-05-27,87.046,88.495,86.82,87.35,22569540
NFLX,2026-05-28,86.895,87.04,85.585,86.36,38803800
NFLX,2026-05-29,86.2,86.67,85.66,86.02,39793620
NFLX,2026-06-01,85.725,87.225,85.315,85.85,32747220
NFLX,2026-06-02,85.605,85.9799,83.29,83.33,42947160
NFLX,2026-06-03,82.91,83.31,81.1001,81.52,36714740
NFLX,2026-06-04,83.19,83.7,81.37,81.56,39338810
NFLX,2026-06-05,82.325,82.754,81.0,82.18,43474110
NFLX,2026-06-08,81.66,83.0798,81.34,82.64,33056690
NFLX,2026-06-09,82.125,82.34,81.34,81.41,34787190
NFLX,2026-06-10,81.71,82.75,80.9772,82.0,36304580
NFLX,2026-06-11,81.87,82.1,80.09,81.27,33417640
NFLX,2026-06-12,81.575,82.0,79.28,80.34,35344170
NFLX,2026-06-15,80.615,81.71,80.46,81.67,36430800
NFLX,2026-06-16,81.9,81.93,77.71,78.72,65054030
NFLX,2026-06-17,78.1,78.445,76.76,76.96,50338780
NFLX,2026-06-18,76.93,78.235,76.12,77.38,91920410
NFLX,2026-06-22,76.135,77.09,71.81,72.88,82203260
NFLX,2026-06-23,73.26,73.9607,72.63,72.82,50806830
NFLX,2026-06-24,72.685,73.45,71.625,71.84,48001450
NFLX,2026-06-25,71.33,72.94,70.86,70.9,44581990
NFLX,2026-06-26,71.69,75.2,71.53,73.81,74990270
